{"cameraMode":{"drawMode":0,"name":"Shaded","section":"Shading Mode"},"sceneLighting":true,"audioPlay":false,"sceneViewState":{"showFog":true,"showMaterialUpdate":true,"showSkybox":true,"showFlares":true,"showImageEffects":true,"showParticleSystems":true},"in2DMode":false,"pivot":{"x":-3.5643911361694338,"y":6.690448760986328,"z":1.210618019104004},"rotation":{"x":-0.024980001151561738,"y":0.8865163922309876,"z":-0.04819370433688164,"w":-0.459502637386322},"size":9.979750633239746,"orthographic":false}