{"cameraMode":{"drawMode":0,"name":"Shaded","section":"Shading Mode"},"sceneLighting":true,"audioPlay":false,"sceneViewState":{"showFog":true,"showMaterialUpdate":false,"showSkybox":true,"showFlares":true,"showImageEffects":true,"showParticleSystems":true},"in2DMode":false,"pivot":{"x":11.751486778259278,"y":-5.036474704742432,"z":43.55628967285156},"rotation":{"x":0.1293221265077591,"y":-0.5711915493011475,"z":0.09191183745861054,"w":0.8055146336555481},"size":46.33807373046875,"orthographic":false}