{"cameraMode":{"drawMode":0,"name":"Shaded","section":"Shading Mode"},"sceneLighting":true,"audioPlay":false,"sceneViewState":{"showFog":true,"showMaterialUpdate":false,"showSkybox":true,"showFlares":true,"showImageEffects":true,"showParticleSystems":true},"in2DMode":false,"pivot":{"x":43.27167510986328,"y":2.3501250743865969,"z":-10.318103790283204},"rotation":{"x":0.0017293548444285989,"y":-0.9649674296379089,"z":0.006366809364408255,"w":0.2629987299442291},"size":10.0,"orthographic":false}