{"cameraMode":{"drawMode":0,"name":"Shaded","section":"Shading Mode"},"sceneLighting":true,"audioPlay":false,"sceneViewState":{"showFog":true,"showMaterialUpdate":false,"showSkybox":true,"showFlares":true,"showImageEffects":true,"showParticleSystems":true},"in2DMode":false,"pivot":{"x":65.99036407470703,"y":-2.2100486755371095,"z":-39.39104461669922},"rotation":{"x":-0.06254260241985321,"y":-0.906544029712677,"z":0.14480839669704438,"w":-0.39154037833213808},"size":70.71067810058594,"orthographic":false}