{"cameraMode":{"drawMode":0,"name":"Shaded","section":"Shading Mode"},"sceneLighting":true,"audioPlay":false,"sceneViewState":{"showFog":true,"showMaterialUpdate":false,"showSkybox":true,"showFlares":true,"showImageEffects":true,"showParticleSystems":true},"in2DMode":false,"pivot":{"x":187.70343017578126,"y":-31.914505004882814,"z":103.88739013671875},"rotation":{"x":-0.07203885167837143,"y":-0.4923434555530548,"z":0.04068208858370781,"w":-0.8667487502098084},"size":120.37828063964844,"orthographic":false}