{"cameraMode":{"drawMode":0,"name":"Shaded","section":"Shading Mode"},"sceneLighting":true,"audioPlay":false,"sceneViewState":{"showFog":true,"showMaterialUpdate":false,"showSkybox":true,"showFlares":true,"showImageEffects":true,"showParticleSystems":true},"in2DMode":false,"pivot":{"x":19.333019256591798,"y":3.9155426025390627,"z":9.81483268737793},"rotation":{"x":0.5002960562705994,"y":-0.4993976056575775,"z":0.48758652806282046,"w":0.5124807953834534},"size":49.99250030517578,"orthographic":false}