{"cameraMode":{"drawMode":0,"name":"Shaded","section":"Shading Mode"},"sceneLighting":true,"audioPlay":false,"sceneViewState":{"showFog":true,"showMaterialUpdate":true,"showSkybox":true,"showFlares":true,"showImageEffects":true,"showParticleSystems":true},"in2DMode":false,"pivot":{"x":7.865190029144287,"y":-18.136470794677736,"z":-5.710519313812256},"rotation":{"x":-0.19029296934604646,"y":-0.8067233562469482,"z":0.43237176537513735,"w":-0.3550504446029663},"size":13.631551742553711,"orthographic":false}